keyword,created_at,text,username,hashtag,hashtag_occurence
Doctor,2021-07-23 13:07:01,Dr. Stefanie Wolf - Doctor of Audiology - Audiology of Nassau County https://t.co/Hio7byFQC4  @NassauAudiology https://t.co/4mgzLMDPLs,WOBCNortheast,,246
Doctor,2021-07-23 13:07:01,RT @MikeSalcedo_: Eye Exam #bigfootjustice https://t.co/3lC6qZ7E40,Doctor_Venuz,bigfootjustice,1
Doctor,2021-07-23 13:07:00,RT @wjrradio: Did you miss your preventative care doctor‚Äôs appointment due to the pandemic?  Internal Medicine Dr. Nora Becker of Michigan‚Ä¶,UM_IHPI,,246
Doctor,2021-07-23 13:07:00,"@aproko_doctor I NEVER saw them fight. Even when they disagree on matters, they do it in their bedroom at night. If‚Ä¶ https://t.co/8a6nML6LHp",KaluChioma14,,246
Doctor,2021-07-23 13:07:00,"RT @WPTV: Nearly entire state of Florida under ""high"" level of COVID-19 transmission, according to CDC https://t.co/Y8QDdFnlbl https://t.co‚Ä¶",LeChatNoire4,,246
Doctor,2021-07-23 13:06:59,"Menos mal que estoy acabando la semana grabando con el doctor Chapman, l√≠der en tratamiento de adicciones entre la‚Ä¶ https://t.co/LfYEnKqHKX",HelenaVillarRT,,246
Doctor,2021-07-23 13:06:59,@steve13082618 @KATVNews Talk to your doctor. Not a gif from a random anonymous named Steve.,KRoftheAR,,246
Doctor,2021-07-23 13:06:58,"RT @axios: NEW: About 100 of the 613 Team USA athletes have not been vaccinated, NBC News reports, citing the team's top doctor. https://t.‚Ä¶",FrederickBell,,246
Doctor,2021-07-23 13:06:58,@aproko_doctor Omo,Chidinma_Madu_,,246
Doctor,2021-07-23 13:06:58,RT @JackPosobiec: EXCLUSIVE: FBI chief who ignored abuse claims against Larry Nassar for over a YEAR is seen enjoying retirement after scat‚Ä¶,AlBSureBurnett,,246
Doctor,2021-07-23 13:06:57,"RT @KayKosmos: Dr Rogers:
""We won't get real healthcare reform until we elect representatives that actually represent us.
Healthcare will n‚Ä¶",KayKosmos,,246
Doctor,2021-07-23 13:06:57,"@sadlystupid @Stevephenni The old adage, nothing is certain except for death and taxes. What is life saving for one‚Ä¶ https://t.co/My7jo7PBiK",lisa288888,,246
Doctor,2021-07-23 13:06:57,RT @_JAEFY00N: JEONG JAEHYUN AS A DOCTOR/SURGEON https://t.co/06ztIAxREs,jadeismultistan,,246
Doctor,2021-07-23 13:06:55,Doctor Narrates How A Female Police Officer Tried To Bully Her For Giving Her Documents Of Her Car With Left¬†Hand https://t.co/fzXx70J33K,RepublicanNG,,246
Doctor,2021-07-23 13:06:55,"RT @b_lokidottir: üö®RUMOR: Mamacita entrou para o elenco de ""Doctor Strange In The Multiverse of Madness"" https://t.co/YnmSc5seTq",M_clarinha15,,246
Doctor,2021-07-23 13:06:55,"RT @MonstersAndLove: what i'd do to doctor who if i was the show runner:

- make it more of a sit-com
- 21 minute long episodes, 20 a seaso‚Ä¶",FaethFGC,,246
Doctor,2021-07-23 13:06:55,"RT @AlanMCole: A data point on what some unvaccinated people actually look like. 

And this is a relatively proactive one; I assume there a‚Ä¶",putin_papi,,246
Doctor,2021-07-23 13:06:54,RT @bailey_jodie: Our 11 month old has tested positive for covid.We are back at home now but both the paramedic and doctor who treated us s‚Ä¶,sallywin,,246
Doctor,2021-07-23 13:06:54,@Doctor_Germany Was ist denn das? https://t.co/JL2UqDp0eY,J_Mark66,,246
Doctor,2021-07-23 13:06:54,@allahliker I'm a doctor and you can deal with it.,PenisDotGov,,246
Doctor,2021-07-23 13:06:53,"I'm going to the eye doctor today and I know I'll be dilated because he said last year, ""oh you're going to be 30,‚Ä¶ https://t.co/h0rO6meCaC",rebelscum__,,246
Doctor,2021-07-23 13:06:53,Kelan po season 4 ng The Good Doctor sa @Netflix_PH? ü•∫üíî,princessbendita,,246
Doctor,2021-07-23 13:06:52,RT @Dineshk27504774: @narendramodi @DrRPNishank @sugawitter @Olympics @Paralympics @Tokyo2020 ‡§á‡§∏‡§Æ‡•á ‡§¶‡•á‡§∞ ‡§Æ‡§§ ‡§ï‡§∞‡§ø‡§Ø‡•á ‡§∏‡§∞ FMG DOCTOR ‡§ï‡•ã ALLOW ‡§ï‡§∞‡§ø‚Ä¶,Kishore71726598,,246
Doctor,2021-07-23 13:06:52,"@lil_maggotman @WarKettle Also, if you take the total T level a trans male athlete is allowed to have in competitio‚Ä¶ https://t.co/kSsc1Nnkit",TIMEUK101,,246
Doctor,2021-07-23 13:06:51,"RT @axios: NEW: About 100 of the 613 Team USA athletes have not been vaccinated, NBC News reports, citing the team's top doctor. https://t.‚Ä¶",nancyrubin,,246
Doctor,2021-07-23 13:06:51,RT @JReinerMD: ‚ÄúUnvaccinated doctor‚Äù is an oxymoron.  https://t.co/twREUypg6P,CollarIsBlue,,246
Doctor,2021-07-23 13:06:51,@bigfinish Still hoping for more Tenth Doctor and Rover Song volumes!,Adam96745128,,246
Doctor,2021-07-23 13:06:51,RT @twyse_116: The Doctor and The Coffin Maker üò≠ü§¶üèΩ‚Äç‚ôÇÔ∏è #TwyseAndFamily https://t.co/ZJ9aD1rGgw,og_fade,TwyseAndFamily,2
Doctor,2021-07-23 13:06:49,"RT @BhattRohin: When I see transphobia on #medtwitter it scares me. These bigots in healthcare has very real consequences for queer lives,‚Ä¶",Lord_VoldeMaut,medtwitter,1
Doctor,2021-07-23 13:06:48,"RT @JoyceWhiteVance: Alabama doctor says this about her Covid patients, some of whom are dying: ‚ÄúOne of the last things they do before they‚Ä¶",resist_breathe,,246
Doctor,2021-07-23 13:06:48,RT @acervobigbig: A MAIORüö® Fl√°via Big Big poder√° aparecer como Jean Grey em ‚ÄòDoctor Strange in the Multiverse of Madness‚Äô. https://t.co/Ra7‚Ä¶,JosEnrico5,,246
Doctor,2021-07-23 13:06:47,RT @sttepodcast: RT &amp; Follow to #win a 2-disc DVD copy of #TheDoctors: The #JonPertwee Years Behind the Scenes Volume 1 which sheds light o‚Ä¶,DaysofKate,win,1
Doctor,2021-07-23 13:06:47,HOOOY JOWA DIN PALA NIYA DOCTOR OMG SANAOLü•∫üíñ GRABE KILIG AKOOO GRABE I ASPIRE TO BE YOU PO ATE. UNG SIDE BY SIDE PI‚Ä¶ https://t.co/Y1T8DOoAI7,veil_sht,,246
Doctor,2021-07-23 13:06:47,"@FarmgirlTheresa @Specially_Kay @lizyofthevalley If she manages to go on to become a doctor, she should be your doc‚Ä¶ https://t.co/AyWxjnmRtE",nerdgirldv,,246
Doctor,2021-07-23 13:06:46,"RT @angelacklez: o dean disse a frase ""o que torna o doctor sexy mais sexy √© o fato dele usar botas de vaqueiro"" e ainda tem gente que diz‚Ä¶",Hearts67Of,,246
Doctor,2021-07-23 13:06:44,"@margay77 @uofg @UofGAdmission @UofGStudentExp @Wellness_UofG @UofG_Housing Darn, so disappointing to hear from a t‚Ä¶ https://t.co/D1VJu7pSeB",meglizf,,246
Doctor,2021-07-23 13:06:43,"RT @MamirRick: Escucho conversaciones en la calle en las que la gente comenta que ahora, con s√≥lo 3 o 4 minutos de charla con un positivo,‚Ä¶",DeVerdad15,,246
Doctor,2021-07-23 13:06:43,RT @twyse_116: The Doctor and The Coffin Maker üò≠ü§¶üèΩ‚Äç‚ôÇÔ∏è #TwyseAndFamily https://t.co/ZJ9aD1rGgw,debbieyenk,TwyseAndFamily,2
Doctor,2021-07-23 13:06:42,"RT @mariawirth1: a professor gets suspended from his Canadian university for calling for ""informed consent"" to mRNA vaccines and for pausin‚Ä¶",AsterixdeGaulle,,246
Doctor,2021-07-23 13:06:42,RT @tjruby_: ‡∏Ñ‡∏∏‡∏ì‡∏´‡∏°‡∏≠ ‡∏£‡∏û.‡∏®‡∏±‡∏•‡∏¢‡∏Å‡∏£‡∏£‡∏° V Lif Doctor ‡∏ó‡∏µ‡πà‡∏Ñ‡∏±‡∏á‡∏ô‡∏±‡∏° ‡πÄ‡∏•‡πà‡∏≤‡∏ß‡πà‡∏≤‡∏ä‡πà‡∏ß‡∏á‡∏ô‡∏µ‡πâ‡∏°‡∏µ‡∏Ñ‡∏ô‡∏ô‡∏≥‡∏£‡∏π‡∏õ‡πÄ‡∏à‡∏ô‡∏ô‡∏µ‡πà‡∏°‡∏≤‡∏õ‡∏£‡∏∂‡∏Å‡∏©‡∏≤‡∏≠‡∏¢‡∏≤‡∏Å‡∏ó‡∏≥‡πÅ‡∏ö‡∏ö‡πÄ‡∏à‡∏ô‡∏ô‡∏µ‡πà‡πÄ‡∏¢‡∏≠‡∏∞‡∏°‡∏≤‡∏Å‡πÅ‡∏•‡∏∞‡πÄ‡∏ó‡∏£‡∏ô‡∏ï‡∏≠‡∏ô‡∏ô‡∏µ‡πâ‡πÑ‡∏î‡πâ‡πÄ‡∏õ‡∏•‡∏µ‡πà‡∏¢‡∏ô‡πÑ‡∏õ‚Ä¶,world_jennie,,246
Doctor,2021-07-23 13:06:40,RT @sweatsXstew: Going To The Doctor &amp; Dentist Regularly Is So Important!!!,pretty_amazin,,246
Doctor,2021-07-23 13:06:40,"RT @costanzo740: @sonyab1974 @MitchFan What I'd Paris knows Finn ,maybe was her doctor,? Ok we don't know exact story of Paris,well I expec‚Ä¶",mscharpf24,,246
Doctor,2021-07-23 13:06:40,RT @katesunit: the doctor who cast are all fucking idiots i think im safe https://t.co/Xlp6kfSOiB,sxiestfrogalive,,246
Doctor,2021-07-23 13:06:39,"RT @Bharti_SK17: Them üòçüòã
ARUMPON ‚ù§Ô∏è AADHINI üòçüòã

@Siva_Kartikeyan ‚ù§Ô∏è @priyankaamohan 

#Doctor #Don #EtharkumThunindhavan https://t.co/iI2yH‚Ä¶",Nivi_Skfangirl,Doctor,1
Doctor,2021-07-23 13:06:39,"Una duda que me surje de la serie de Loki es, ¬øD√≥nde cojones vio el Doctor Extra√±o todos esos futuros posibles si s‚Ä¶ https://t.co/7ATlncM3wb",laquintacolumna,,246
Doctor,2021-07-23 13:06:38,"@doctor_milano Sei sempre molto educato, io avrei usato altri aggettivi‚Ä¶",Pardipall,,246
Doctor,2021-07-23 13:06:38,@haiji_doctor Â§ß‰∫ã„Å™Ê∞ó‰ªò„Åç„Çí„ÄÅ„ÅÇ„Çä„Åå„Å®„ÅÜ„Åî„Åñ„ÅÑ„Åæ„ÅôüòÇ‚ú®,USK_karitori,,246
Doctor,2021-07-23 13:06:37,@luka_doctor @claudiopalma clix fans harassing mack wood,ange1dontcare,,246
Doctor,2021-07-23 13:06:37,RT @acervobigbig: A MAIORüö® Fl√°via Big Big poder√° aparecer como Jean Grey em ‚ÄòDoctor Strange in the Multiverse of Madness‚Äô. https://t.co/Ra7‚Ä¶,QueenOfTheCaos,,246
Doctor,2021-07-23 13:06:36,"RT @NBCNews: About 100 U.S. athletes in Tokyo are unvaccinated as the Olympics begins, the team‚Äôs top doctor reveals. https://t.co/T1WW8TDI‚Ä¶",PurpleEggsNHam,,246
Doctor,2021-07-23 13:06:36,RT @_JAEFY00N: JEONG JAEHYUN AS A DOCTOR/SURGEON https://t.co/06ztIAxREs,candyy_bomb,,246
Doctor,2021-07-23 13:06:35,"RT @the_raven77: -Jam√°s podr√© agradecerle todo lo que ha hecho por m√≠, doctor.

-Soy San Pedro.

-Hostia puta.",JuAntonio2307,,246
Doctor,2021-07-23 13:06:35,@LRoundels @Si_Hart I do like to imagine it became the default and each subsequent Doctor had to record their own version.,mykebartlett,,246
Doctor,2021-07-23 13:06:35,RT @acervobigbig: A MAIORüö® Fl√°via Big Big poder√° aparecer como Jean Grey em ‚ÄòDoctor Strange in the Multiverse of Madness‚Äô. https://t.co/Ra7‚Ä¶,straightcocaine,,246
Doctor,2021-07-23 13:06:34,"RT @DailyExposeGB: 2,431 women have reported the loss of their unborn baby due to having a C0V 1 - D jab their Doctor advised them to have‚Ä¶",Howarth_1918,,246
Doctor,2021-07-23 13:06:34,"RT @b_lokidottir: üö®RUMOR: Mamacita entrou para o elenco de ""Doctor Strange In The Multiverse of Madness"" https://t.co/YnmSc5seTq",orion73072323,,246
Doctor,2021-07-23 13:06:34,RT @WhovianEspresso: New Unboxing video of the latest @CharacterToysUK #DoctorWho exclusive Second Doctor and electronic TARDIS from the ab‚Ä¶,BobaTennant,DoctorWho,1
Doctor,2021-07-23 13:06:34,RT @gmalau32: Anyone who think ANC is running the country needs to see a doctor. We are in this mess because the country is run by the Esta‚Ä¶,CMapitsa,,246
Doctor,2021-07-23 13:06:33,UAE: Doctor couple and son granted 10-year Golden Visas https://t.co/aQwctDvN1E https://t.co/buQIBTERPu,UAENews,,246
Doctor,2021-07-23 13:06:33,https://t.co/rep2fBPjT4,Odango_Doctor,,246
Doctor,2021-07-23 13:06:32,"RT @axios: NEW: About 100 of the 613 Team USA athletes have not been vaccinated, NBC News reports, citing the team's top doctor. https://t.‚Ä¶",Tahl,,246
Doctor,2021-07-23 13:06:32,Sin internet y tampoco Flow @CableFibertel,doctor_escabio,,246
Doctor,2021-07-23 13:06:30,RT @theCGchannel: See Film Direction's spectacular #VFXbreakdown of a van crashing through a bus and other vehicular mayhem from Russian ac‚Ä¶,RedBlueGhost,VFXbreakdown,1
Doctor,2021-07-23 13:06:30,"RT @sassyRekha: 1: Condition at a hospital in Klang Valley today (22 July 2021). A doctor there said:

-&gt;""Patients are lying on the floor,‚Ä¶",gutecaine,,246
Doctor,2021-07-23 13:06:30,RT @Dineshk27504774: @PMOIndia ‡§∏‡§∞ FMG DOCTOR ‡§ï‡•ã ALLOW ‡§ï‡§∞‡§ø‡§Ø‡•á @mansukhmandviya ‡§ú‡•Ä ‡§î‡§∞ ‡§ü‡•ç‡§∞‡•á‡§®‡§ø‡§Ç‡§ó ‡§Æ‡•á ‡§≠‡•á‡§ú‡§ø‡§Ø‡•á 35000 DOCTOR ‡§ï‡•ã ‡§Ø‡§π‡§æ ‡§ú‡•ã ‡§≤‡§æ‡§∏‡•ç‡§ü ‡§à‡§Ø‡§∞ ‡§ï‡•á M‚Ä¶,Kishore71726598,,246
Doctor,2021-07-23 13:06:29,@Thabiso143 @MalumeAza Have you been to a doctor?,sbuddah25,,246
Doctor,2021-07-23 13:06:29,"RT @jasonrantz: Rep. Ronny Jackson (R-TX), a former White House doctor for Trump and Obama, says he thinks that Biden is going to be forced‚Ä¶",mpls55418,,246
Doctor,2021-07-23 13:06:28,RT @BILD: Skandal-Workshop - Wei√üe sollen sich f√ºr ihre Hautfarbe sch√§men https://t.co/ztQYMANbZb,Doctor_42,,246
Doctor,2021-07-23 13:06:26,"RT @PamLongCO: ‚ÄúMy doctor would NEVER recommend a drug that caused heart attacks,‚Äù thought every fatality of Merck‚Äôs Vioxx.",thefreakwentc,,246
Doctor,2021-07-23 13:06:25,"RT @happyguppyaki: Â§ßÈüìÊ∞ëÂõΩ„Å®„Çø„Ç∏„Ç≠„Çπ„Çø„É≥„ÅÆÈñì„Å´Chinese Taipei„ÇíÊåÅ„Å£„Å¶„Åç„ÅüÈÅãÂñ∂„Å´Â§ß„Åç„Å™ÊãçÊâã„ÇíÈÄÅ„Çä„Åü„ÅÑ„ÄÇÂÖ¨Âºè„Å´„ÅØË®Ä„Åà„Å™„ÅÑ„Åì„Å®„Çí„Åó„Å£„Åã„Çä„Å®Êè∂ÊèÑ„Åó„Å¶„ÅÑ„Çã„ÄÇ

ÂΩº„Çâ„Å´„ÅØ„Åù„ÅÆÊÑèÂë≥„Åå„Åó„Å£„Åã„Çä„Å®‰ºù„Çè„Å£„Å¶„Çã„Çà„ÄÇ",a_quack_doctor,,246
Doctor,2021-07-23 13:06:25,"@dafgncswhbdaa @markschlereth You must have missed the ""asthma"" part. Her pulmonologist says otherwise. I guess I s‚Ä¶ https://t.co/bjxeIYCmlW",VTMikeO,,246
Doctor,2021-07-23 13:06:24,"RT @WritesBright: ""If it‚Äôs coming from a spin doctor at No 10 then I don‚Äôt think we‚Äôd call that impartiality"". 

Top quality from Emily Mai‚Ä¶",igbarnes,,246
Doctor,2021-07-23 13:06:23,"RT @superboycheque: Doctor says BABY OUT NOW!!! ü§éüèπüö®
https://t.co/pOp8FooxAs

(Mother and baby doing fine ü§™) https://t.co/ReakxrGfeN",greekia1,,246
Doctor,2021-07-23 13:06:23,"RT @shamsul__kamal: There's a Malaysian Doctor here in Australia who is a renowned specialist

Upon graduating in AU years ago he returned‚Ä¶",EzzhamAizzil,,246
Doctor,2021-07-23 13:06:23,RT @JackPosobiec: EXCLUSIVE: FBI chief who ignored abuse claims against Larry Nassar for over a YEAR is seen enjoying retirement after scat‚Ä¶,RightShot328,,246
Doctor,2021-07-23 13:06:23,RT @JohninBucuresti: @doctor_oxford https://t.co/Ft7RPAgXPj,alangriffith8,,246
Doctor,2021-07-23 13:06:22,"RT @TonyHWindsor: The day after @DaveGillespieMP a Federal Minister and medical doctor said to ‚Äúlet the virus rip,irrespective of whether t‚Ä¶",platykitten,,246
Doctor,2021-07-23 13:06:22,"Last night Sean Hannity repeatedly said of vaccinations, ""Talk to your doctor. This is a decision you should make a‚Ä¶ https://t.co/reJ4kDdLQF",brad_dickson,,246
Doctor,2021-07-23 13:06:21,"RT @ArknightsEN: Dear Doctor, here is the teaser of Never Give Up [Arknights Soundtrack] - @SteLouse, video directed by @juleplin. Thanks t‚Ä¶",LordSodaCan,,246
Doctor,2021-07-23 13:06:21,RT @Bob4Florida: @RexChapman The Department of Defense absolutely needs to outlaw Fox News from being played in all common areas of militar‚Ä¶,Renee77641834,,246
Doctor,2021-07-23 13:06:21,"RT @gudiel: Excellent explanation by an Emergency Room Doctor about COVID infections, vaccines, &amp; Delta variant.",AndersonMSSE,,246
Doctor,2021-07-23 13:06:21,RT @twlvclara: it‚Äôs so weird that with other shows i have no idea what any of the episodes are called but with doctor who i know every sing‚Ä¶,gilesriver,,246
Doctor,2021-07-23 13:06:21,@Awesome_culate @Offishial_Sammy @aproko_doctor Thank you o,__Chidinma,,246
Doctor,2021-07-23 13:06:20,RT @Dineshk27504774: @PMOIndia @narendramodi ‡§á‡§∏‡§Æ‡•á ‡§¶‡•á‡§∞ ‡§Æ‡§§ ‡§ï‡§∞‡§ø‡§Ø‡•á ‡§∏‡§∞ FMG DOCTOR ‡§ï‡•ã ALLOW ‡§ï‡§∞‡§ø‡§Ø‡•á @mansukhmandviya ‡§ú‡•Ä ‡§î‡§∞ ‡§ü‡•ç‡§∞‡•á‡§®‡§ø‡§Ç‡§ó ‡§Æ‡•á ‡§≠‡•á‡§ú‡§ø‡§Ø‡•á 35000‚Ä¶,Kishore71726598,,246
Doctor,2021-07-23 13:06:20,"RT @HyunHoon7: Semalam aku pergi vaksin kat stadium bukit jalil and you know what? Doctor yang cucuk aku tu, muka dia 7/10 muka dia macam L‚Ä¶",heyitslwt,,246
Doctor,2021-07-23 13:06:19,RT @kazari_project: „Åæ„Åï„Åã„ÄÅÊó•Êú¨„ÅÆÊúÄÁµÇÂÖ•Â†¥ËÄÖ„Åå„Åì„ÇåÊåÅ„Å£„Å¶ÂÖ•„Å£„Å¶„Åì„Å™„ÅÑ„Çà„Å≠Ôºü(/„Éªœâ„Éª)/ https://t.co/kzu8Fqrbo1,doctor_ye11ow,,246
Doctor,2021-07-23 13:06:19,RT @f0uree: Please I'm begging please like my doctor just ditched me like I have no more hormones. I'm going to be living in my car like I'‚Ä¶,WafAAAAHHH,,246
Doctor,2021-07-23 13:06:18,@doctor_panter @rmzzani ÿØŸÑŸÖŸà ÿ¥⁄©ŸàŸÜÿØ€å https://t.co/5VfU64PuZ0,mubina80,,246
Doctor,2021-07-23 13:06:18,@chiisaimomochan „Åì„Çå„ÅØÊ∂ô‰∏çÂèØÈÅø„Åß„Åó„Åü(¬¥ÔºõœâÔºõÔΩÄ)Á¨ë,haiji_doctor,,246
Doctor,2021-07-23 13:06:17,RT @JackPosobiec: EXCLUSIVE: FBI chief who ignored abuse claims against Larry Nassar for over a YEAR is seen enjoying retirement after scat‚Ä¶,GideonHenry,,246
Doctor,2021-07-23 13:06:17,RT @chelitabombom: Ingeniero @MOISESURBINA quisiera que le preguntar√° al doctor: Si alguien comienza un proceso sospechoso de Covid ¬øCu√°nto‚Ä¶,yopasandoibaok,,246
Doctor,2021-07-23 13:06:16,"RT @talitawissett: To you, damn sh** doctor #‡∏ì‡∏ß‡∏±‡∏í‡∏ô‡πå‡∏≠‡∏¥‡∏™‡∏£‡πÑ‡∏Å‡∏£‡∏®‡∏µ‡∏• https://t.co/5gjuurUNNE",2709injyu,‡∏ì‡∏ß‡∏±‡∏í‡∏ô‡πå‡∏≠‡∏¥‡∏™‡∏£‡πÑ‡∏Å‡∏£‡∏®‡∏µ‡∏•,1
Doctor,2021-07-23 13:06:16,@Getrealorelse @SquawkCNBC @ScottGottliebMD When the model evolves and you have to decipher the extent of evolution‚Ä¶ https://t.co/CBPy7QX1uB,CurbSideEx,,246
Doctor,2021-07-23 13:06:16,@3Enriquearnau @MariolySosaP @SaludPublicaRD Lo raro de todos esto es que los defensores del doctor y su teor√≠a en‚Ä¶ https://t.co/bITmmYZvsJ,argool,,246
Doctor,2021-07-23 13:06:15,"@KamFoengAnn @KopralCebong @Pand4va Saya d BNE. Ooh Orto kereen üëçüëçüôè
Gak tahu soal spec med doctor. Hsptl Mngmnt bgs‚Ä¶ https://t.co/mYPra8yf2K",KKampul,,246
Doctor,2021-07-23 13:06:15,"@SarenMum @nytimes Imagine an island where life is safe but boring. Other island has awesome interesting life, but‚Ä¶ https://t.co/rtB7yl1XkS",derlyatko,,246
Doctor,2021-07-23 13:06:14,@jademloren I have a Doctor Mom Otoscope that I use to check ears and scoop out wax. You‚Äôd need a buddy you can tru‚Ä¶ https://t.co/Y14g6MKZmj,larathelark,,246
Doctor,2021-07-23 13:06:13,"Today's work entertainment is ""The Odd Couple"" (1968)

Ok, I get that they maybe didn't have air conditioning, but‚Ä¶ https://t.co/HVXA0c75G3",doctor_emmit,,246
Doctor,2021-07-23 13:06:13,"RT @GrandpaSnarky: An Alabama doctor pleaded for people to get vaccinated against COVID-19 as she shared grim accounts of young, healthy an‚Ä¶",_xsquare,,246
Doctor,2021-07-23 13:06:12,Il se pr√©nomme Marc et est doctor  @LesSims  #TheSims4 @TheSims https://t.co/5puXfC5HPQ,mounemich,TheSims4,1
Doctor,2021-07-23 13:06:12,"RT @pritisethi11: @MamtaSh40357558 @karanvirsharma9 doctor se jayada mujhe tumhari zaroorat hi anokhi,MUJHE tumse milna tha
KV SUPREMACY AS‚Ä¶",PriyaSa17796491,,246
Doctor,2021-07-23 13:06:11,"RT @WritesBright: ""If it‚Äôs coming from a spin doctor at No 10 then I don‚Äôt think we‚Äôd call that impartiality"". 

Top quality from Emily Mai‚Ä¶",Raycspike,,246
Doctor,2021-07-23 13:06:11,"RT @DalbidEU: @doctor_oxford They disrespect the whole HoC. Repeated warnings, repeatedly ignored, no scrutiny on issues of massive importa‚Ä¶",alangriffith8,,246
Doctor,2021-07-23 13:06:11,"RT @MCU_Direct: Director #SamRaimi encouraged improvisation while filming the #DoctorStrange2, reveals #BenedictWong: ""We're having a lot o‚Ä¶",SoloAvengers,SamRaimi,1
Doctor,2021-07-23 13:06:11,"@aracnida36 @Sergi79 @Fourty35 Y Abalos ? Ese no ha prevaricado ? 
Calla fascista , recuerda los ‚Äúmiles‚Äù de millone‚Ä¶ https://t.co/7gneAj6aY4",delgalinearoja,,246
Doctor,2021-07-23 13:06:10,@PurelyFootball I am a doctor and I want to see more of Ronaldos and messis..otherwise life is boringüôèüôè,Saikarthik1jeg,,246
Doctor,2021-07-23 13:06:10,RT @acervobigbig: A MAIORüö® Fl√°via Big Big poder√° aparecer como Jean Grey em ‚ÄòDoctor Strange in the Multiverse of Madness‚Äô. https://t.co/Ra7‚Ä¶,mathfelipi_,,246
Doctor,2021-07-23 13:06:09,"RT @superboycheque: Doctor says BABY OUT NOW!!! ü§éüèπüö®
https://t.co/pOp8FooxAs

(Mother and baby doing fine ü§™) https://t.co/ReakxrGfeN",Dlaureate,,246
Doctor,2021-07-23 13:06:09,RT @ChrisJZullo: Remember Rep. Jim Jordan denied knowing about abuse allegations from team doctor Richard Strauss who abused 117 students o‚Ä¶,GaryGHoward1,,246
Doctor,2021-07-23 13:06:08,RT @MogTheConfessor: They didn't show how Moya got pregnant in the first place in Farscape but it seems like the thirteenth doctor might ha‚Ä¶,HorzaEdeo,,246
Doctor,2021-07-23 13:06:08,"RT @subirath: Doctor, ¬øc√≥mo fue el parto?
- Sali√≥ todo bien, pero al beb√© le tuvimos que poner ox√≠geno.
- ¬øPero usted est√° loco? ¬°Yo quer√≠a‚Ä¶",Garnava1,,246
Doctor,2021-07-23 13:06:08,@CyberdyneIntern @LJU3 @NPR She‚Äôs not even a doctor as they want you to think she is. She has a PhD in some education field.,TimothyJBaile,,246
Doctor,2021-07-23 13:06:06,"@FanaTeresafana That‚Äôs so wrong, what doctor allowed that or did they just go without doctor consent. CHILDREN ARE‚Ä¶ https://t.co/VM7RMLP9iL",MikeP78555306,,246
Doctor,2021-07-23 13:06:05,"RT @thevibesnews: JUST IN

S'gor health director Datuk Sha‚Äôari Ngadiman has made light of the slew of doctor resignations, claiming that th‚Ä¶",apizadlan,,246
Doctor,2021-07-23 13:06:04,@thumpernovember @CryptographerF8 @News3LV I‚Äôm not but I‚Äôm from here and this isn‚Äôt the good doctor‚Äôs first attention seeking article.,Colby_Knight,,246
Doctor,2021-07-23 13:06:04,@gottfriedmituns @IsraeldeSanGa @amoschicos @PokemonGomiarma @Xeliss @Alvisepf Pues si en la calle nadie se contagi‚Ä¶ https://t.co/J5CzD31svY,indibininguin,,246
Doctor,2021-07-23 13:06:04,"I loved the gate of ivory and two bit heroes a ""normal amount and admire the author Doris Egan.

I silently squeed‚Ä¶ https://t.co/nk8X2Gn3jd",eSZactLee,,246
Doctor,2021-07-23 13:06:03,Thank goodness for my primary care doctor,aballet12,,246
Doctor,2021-07-23 13:06:03,"@BrainAblaze 1. Medications - starting from 5am until 9pm often all night pain from #Gastroparesis malnutrition

2.‚Ä¶ https://t.co/UX1FQEUtX2",phearlissdream1,Gastroparesis,1
Doctor,2021-07-23 13:06:03,"NEW: About 100 of the 613 Team USA athletes have not been vaccinated, NBC News reports, citing the team's top docto‚Ä¶ https://t.co/EJFbvIzmMi",axios,,246
Doctor,2021-07-23 13:06:02,RT @bailey_jodie: Our 11 month old has tested positive for covid.We are back at home now but both the paramedic and doctor who treated us s‚Ä¶,AngeliqueSuzan1,,246
Doctor,2021-07-23 13:06:02,@Acyn The doctor asked me if I was on any anticoagulant for my first jab. I understand why they ask that now but ne‚Ä¶ https://t.co/d7tBJQZRK5,DJ90958027,,246
Doctor,2021-07-23 13:06:02,"@Sujodamystique @iam_0sas @aproko_doctor If you started out being optimal,no problem really.
The problem is people‚Ä¶ https://t.co/0W25jGFuQY",beautifulajike,,246
Doctor,2021-07-23 13:06:01,RT @Andrewkrash256: We all act like we don't fear an enjection but there is always that kasmall fearness especially when doctor points it a‚Ä¶,collin__slim,,246
Doctor,2021-07-23 13:06:01,"The story of our startup is as follows:
Female: Enjoying a normal day üòÄ * queue debilitating period cramps*üò∞
*Googl‚Ä¶ https://t.co/RYneAE7OFl",periodharmony,,246
Doctor,2021-07-23 13:06:00,"RT @spacetwinks: doctor: treatment is simple. go see orville, very funny clown

pagliacci: what about pagliacci?

doctor: pagliacci? man i‚Ä¶",bluntlevis,,246
Doctor,2021-07-23 13:05:59,im waiting for the eda deductions to drop because as we get to know more and more things about her she looks less l‚Ä¶ https://t.co/j2UhaWVaqm,Haunterclere,,246
Doctor,2021-07-23 13:05:59,"If you're going to autocall people to set up doctor's appts, you should make sure the person doing the scheduling a‚Ä¶ https://t.co/QP3dN9ITPS",kleine_snowdrop,,246
Doctor,2021-07-23 13:05:58,@GardenerAlex20 @TYRANT_RISES He needs a doctor as his front door step as soon as possible,svmniac,,246
Doctor,2021-07-23 13:05:58,"RT @AccessLizzie: RUMOR: Sparky will be the main villain in ""Doctor Strange in the Multiverse of Madness."" https://t.co/b5NMCDCzfb",dawnsnidget,,246
Doctor,2021-07-23 13:05:56,ÎÇ¥Í∞Ä ÎÑ§ Í≥†ÌÜµÏùÑ ÎçúÏñ¥Ï£ºÏßÄ.,Who_Need_Doctor,,246
Doctor,2021-07-23 13:05:56,"@Ruby00538018 @MrJasonDay ""Muchachito tonto"" fue un eufemismo utilizado por el doctor An√≠bal Torres para decirle ""i‚Ä¶ https://t.co/np4b5mdDgV",wattecastillo16,,246
Doctor,2021-07-23 13:05:54,"RT @HyunHoon7: Semalam aku pergi vaksin kat stadium bukit jalil and you know what? Doctor yang cucuk aku tu, muka dia 7/10 muka dia macam L‚Ä¶",yejiapsabtob__,,246
Doctor,2021-07-23 13:05:54,@jngwnlv Good doctor pi,cheeeeeeeckoooo,,246
Doctor,2021-07-23 13:05:53,"RT @MissBJArmstrong: Unfassbar, wie viele Leute sich innerhalb der letzten 17 Monate derart vom Fernseher haben ver√§ndern lassen, dass jetz‚Ä¶",Doctor_42,,246
Doctor,2021-07-23 13:05:52,@Man_shergill @advGaganSidhu ‡§®‡§æ ‡§®‡§æ ‡§®‡§æ doctor.... ‡®π‡©Å‡®£ ‡®∏‡®æ‡®°‡©Ä ‡®ü‡©Ä‡®Æ wich ‡®®‡®π‡©Ä‡®Ç ‡®§‡©Å‡®∏‡©Ä‡®Ç.... Chlo family family khedo hahahaha‚Ä¶ https://t.co/1jqtRNG5Vv,sandhu94717,,246
Doctor,2021-07-23 13:05:52,"RT @jtorresromero: Abg. Eduardo Gonz√°lez, apoderado ANR: ""Ayer le vi a @guillesequera aplaudiendo a una chica que se vacunaba con la remera‚Ä¶",adiazarce,,246
Doctor,2021-07-23 13:05:51,https://t.co/n5uxVinGBF,apnamau,,246
Doctor,2021-07-23 13:05:51,"RT @AccessLizzie: RUMOR: Sparky will be the main villain in ""Doctor Strange in the Multiverse of Madness."" https://t.co/b5NMCDCzfb",nashhhwaa,,246
Doctor,2021-07-23 13:05:51,RT @JackPosobiec: EXCLUSIVE: FBI chief who ignored abuse claims against Larry Nassar for over a YEAR is seen enjoying retirement after scat‚Ä¶,dark_swan,,246
Doctor,2021-07-23 13:05:49,RT @ACTforAmerica: Anthony Fauci is an evil doctor.,jobie_myers,,246
Doctor,2021-07-23 13:05:49,RT @archiveofhoon: doctor hoon ‚ô° https://t.co/rmbCAcV9IF,hoonieismine,,246
Doctor,2021-07-23 13:05:49,@aproko_doctor I've NEVER!,GadoJnr1,,246
Doctor,2021-07-23 13:05:49,"@ShirlMcSquirrel @JohnRiche I am in the same boat for my family, got a letter last week saying my doctor would no l‚Ä¶ https://t.co/rmHa8uH4MZ",EpilepsyNL,,246
Doctor,2021-07-23 13:05:48,RT @JackPosobiec: EXCLUSIVE: FBI chief who ignored abuse claims against Larry Nassar for over a YEAR is seen enjoying retirement after scat‚Ä¶,NicolePetrinoSa,,246
Doctor,2021-07-23 13:05:48,"@doctor_panter @rmzzani ŸáŸÖ€åŸÜ ÿß⁄©€åŸæ ÿ®ÿßÿπÿ´ ÿßÿ¥ŸÜÿß€å€å ŸÖÿß ÿØŸàÿ™ÿß ÿ¥ÿØ 
€åŸá ÿß⁄©€åŸæ €±€≤ŸÜŸÅÿ±Ÿá ⁄© €¥ÿ™ÿßÿ¥ ÿØÿÆÿ™ÿ±Ÿá €∏ÿ™ÿß Ÿæÿ≥ÿ±",mubina80,,246
Doctor,2021-07-23 13:05:48,RT @bailey_jodie: Our 11 month old has tested positive for covid.We are back at home now but both the paramedic and doctor who treated us s‚Ä¶,factsand2cents,,246
Doctor,2021-07-23 13:05:45,@hansehunn ayoko baka mainlove sakin yung doctor :((,bhyungie,,246
Doctor,2021-07-23 13:05:45,"RT @sassyRekha: 1: Condition at a hospital in Klang Valley today (22 July 2021). A doctor there said:

-&gt;""Patients are lying on the floor,‚Ä¶",carahhhhhhhhh,,246
Doctor,2021-07-23 13:05:45,"@TheScottCharles I always think about the people they influence, worried about the innocents that are close to them‚Ä¶ https://t.co/ShICsbx4fC",SonjaMcDaniel94,,246
Vintage car,2021-07-23 13:03:54,Car SOS Live with Fuzz and Tim set for The British Motor Show https://t.co/cQ2KhkCRoV #classiccar #classiccars‚Ä¶ https://t.co/bPwJq7TYqT,GadforteMen,classiccar,1
Vintage car,2021-07-23 13:01:00,"Today @ 6 pm - Sun 7/25 @ 6 pm

2021 Pittsburgh Vintage Grand Prix Race &amp; Car Show is happening in Schenley Park. R‚Ä¶ https://t.co/yaPBCv0TDr",PghTransitAlert,,246
Vintage car,2021-07-23 13:00:48,@AlfaRomeoUK @Car_vintage Hell yeah!,chaseomgbbq33,,246
Vintage car,2021-07-23 13:00:36,"RT @AlfaRomeoUK: Are you ready to take the wheel?  
#GiuliaGTA #AlfaRomeo
üì∑ @car_vintage https://t.co/ccw45ZSW2B",chaseomgbbq33,GiuliaGTA,2
Vintage car,2021-07-23 13:00:02,"Are you ready to take the wheel?  
#GiuliaGTA #AlfaRomeo
üì∑ @car_vintage https://t.co/ccw45ZSW2B",AlfaRomeoUK,GiuliaGTA,2
Vintage car,2021-07-23 12:30:55,What is your favorite vintage car? #Ride into the weekend like... #WeekendMode #ON https://t.co/CZeOHah11N,AFEWSTORE,Ride,1
Vintage car,2021-07-23 12:24:33,ORIGINAL Vintage GULF GAS STATION Sign Oil OLD Advertising Car Auto MANCAVE https://t.co/TrJjsyPQlI eBay https://t.co/rYAOandRA2,AdvertisingCol3,,246
Vintage car,2021-07-23 12:17:56,"Should classic car insurance policies increase for cars older than 40 years with no proof of MoT? Ben Field, boss o‚Ä¶ https://t.co/9wp7oSGvhx",VintageTyre,,246
Vintage car,2021-07-23 12:08:08,RT @WatsonsVintage: These Vintage Cards are PURRFECT for car lovers and just ¬£2.50 each in my #etsyshop : RARE Vintage/Retro Circa 1980s 'W‚Ä¶,Ropedeco1,etsyshop,15
Vintage car,2021-07-23 11:57:05,POLICE PURSUIT CAR Plymouth Fury JO-HAN 1/25 Scale Model Kits Vintage GC1300 https://t.co/MSOOvWphRS eBay https://t.co/Eca0MVL2du,kits_toys,,246
Vintage car,2021-07-23 11:55:00,#AlfaRomeo was the first to put a powerful engine in a light-weight car for mainstream production #Giulia #Spider 1‚Ä¶ https://t.co/LBDgNjl6D7,Vintage_Cars,AlfaRomeo,1
Vintage car,2021-07-23 11:39:52,"RT @agbdrilling: Anyone fancy a trip out tomorrow. Vintage and classic vehicle show at Carver Barracks, Saffron Walden. Supporting a good c‚Ä¶",waite_aero,,246
Vintage car,2021-07-23 11:36:06,"RT @1RetweetMachine: #RT: RARE Vintage Roy Cox Thimble Drome Champion Tether Car #51 

ONE OF A KIND ITEM!!! 

#Retweet #RT4RT #Retweet4Ret‚Ä¶",VBreeman,RT,1
Vintage car,2021-07-23 11:04:26,Your like seeing someone dog a vintage vehicle. You don't put the right things in it to maintain it  &amp; you'll let a‚Ä¶ https://t.co/eP8qbh0fpo,starhymerdotsXe,,246
Vintage car,2021-07-23 10:50:38,"RT @RichlandSource: ‚ÄúIf you ride or just aspire to learn more about the two-wheel culture, this weekend is a fantastic immersive experience‚Ä¶",tanelorncloud,,246
Vintage car,2021-07-23 10:37:48,@BCCletts @ScotGovNetZero @MathesonMichael @scotgov Another car scrappage scheme which would  see lots of vintage c‚Ä¶ https://t.co/LgLWSqaavY,Swallydooncally,,246
Vintage car,2021-07-23 10:28:33,1930's 1940's 1950's Car Truck AC Pancake Air Cleaner 1BBL Inline 6 Chevy Pickup https://t.co/iSN1MhjFVF eBay https://t.co/pHBRS6j6Il,vintage_truck,,246
Vintage car,2021-07-23 10:16:32,RT @CeidiogPR: Nichy and her vintage car Honeybee gear up to meet hero Chris Evans at Carfest | Denbighshire Free Press ‚Å¶@achrisevans‚Å© ‚Å¶@Ca‚Ä¶,IWTCorwen,,246
Vintage car,2021-07-23 10:10:33,"After a two-year break, the @shakenstirfest is returning to Southbourne on 7 and 8 August.

The festival features m‚Ä¶ https://t.co/9UKoyKhGJ6",Dorset_View,,246
Vintage car,2021-07-23 09:48:41,"RT @muzzleloaderman: Car Model Kit, Sealed Box, Monogram Corvette ZR-1, 1:24 Scale Model Kit #2785, Circa 1989, Free Shipping! https://t.co‚Ä¶",atticesoterica,,246
Vintage car,2021-07-23 09:45:47,"RT @muzzleloaderman: Car Model Kit, Sealed Box, Monogram Corvette ZR-1, 1:24 Scale Model Kit #2785, Circa 1989, Free Shipping! https://t.co‚Ä¶",peanutbug,,246
Vintage car,2021-07-23 09:41:30,"RT @osullivand: Can any classic car fan identify the car in this picture please ?
The reg is from 1949/1950.

#classiccars 
#cars 
#vintage‚Ä¶",Sliaveen,classiccars,3
Vintage car,2021-07-23 09:38:59,RT @WatsonsVintage: These Vintage Cards are PURRFECT for car lovers and just ¬£2.50 each in my #etsyshop : RARE Vintage/Retro Circa 1980s 'W‚Ä¶,peanutbug,etsyshop,15
Vintage car,2021-07-23 09:32:06,Tin Car Vintage Object Open Car Retro White No noticeable scratches or stains https://t.co/xQEpNFqfqv eBay https://t.co/g9QgfzWoZ3,VintageandAnti2,,246
Vintage car,2021-07-23 09:17:05,Tin Car Vintage Open Car Object Yellow No noticeable scratches or stains https://t.co/89rdjITD2U eBay https://t.co/VIsTT4VRv1,VintageandAnti2,,246
Vintage car,2021-07-23 08:59:22,"Feel like shit, but I saw this dope car today and I‚Äôm a bitch for vintage cars so I‚Äôm showing it here https://t.co/yMRfxIavwm",camdynjewel,,246
Vintage car,2021-07-23 08:38:28,"RT @osullivand: Can any classic car fan identify the car in this picture please ?
The reg is from 1949/1950.

#classiccars 
#cars 
#vintage‚Ä¶",JohnBKeaneBar,classiccars,3
Vintage car,2021-07-23 08:38:10,"Can any classic car fan identify the car in this picture please ?
The reg is from 1949/1950.

#classiccars 
#cars‚Ä¶ https://t.co/3OI1elo11q",osullivand,classiccars,3
Vintage car,2021-07-23 08:33:12,RT @WatsonsVintage: These Vintage Cards are PURRFECT for car lovers and just ¬£2.50 each in my #etsyshop : RARE Vintage/Retro Circa 1980s 'W‚Ä¶,BambooParadise,etsyshop,15
Vintage car,2021-07-23 08:27:04,RT @WatsonsVintage: These Vintage Cards are PURRFECT for car lovers and just ¬£2.50 each in my #etsyshop : RARE Vintage/Retro Circa 1980s 'W‚Ä¶,CollectCurios,etsyshop,15
Vintage car,2021-07-23 08:12:48,DJ Cuppy shares lovely snap beside a vintage car  https://t.co/mNsZvtE7ke,Reportminds,,246
Vintage car,2021-07-23 08:05:42,"RT @7thDayImages: My Virtual Travel for you today: ""Cuba. When Cars were still Cars"" üòâüì∏üöó

#nikon #nikonphotography #nikonnofilter #photo #p‚Ä¶",glitter_2em13,nikon,2
Vintage car,2021-07-23 08:03:37,"@Debo_Libgourman Voil√†. On peut dire aux gens qu'ils font de la merde, √ßa ne fait rien avancer de dire ""ohlala comm‚Ä¶ https://t.co/jGXfiPrpaC",Colombe_Vintage,,246
Vintage car,2021-07-23 07:54:49,The MOTOR Magazine 29 Mar 1938 BSA Scout &amp; Wolseley 25 Road Tests BROOKLANDS Se... - https://t.co/CyGK9DXrtQ‚Ä¶ https://t.co/DZdasBAAVT,pookmotorbooks,,246
Vintage car,2021-07-23 07:53:58,"Anyone fancy a trip out tomorrow. Vintage and classic vehicle show at Carver Barracks, Saffron Walden. Supporting a‚Ä¶ https://t.co/C91w1fEk5U",agbdrilling,,246
Vintage car,2021-07-23 07:44:48,My car looks vintage with the layer of dust... #dusty #WINTER #workingfromhome #dontleavemyhouse,Glitterachie,dusty,1
Vintage car,2021-07-23 07:04:04,DODGE DART Convertible 1962 JO-HAN 1/25 Scale Model Kits Vintage Car Oldies USA https://t.co/e1sSW4eM8i eBay https://t.co/JstaLmRMiZ,kits_toys,,246
Vintage car,2021-07-23 07:03:02,"@happyfishmedia Have you been to the National Transport Museum near Wanaka? Incredible. Massive vintage car collection, planes, tanks",nolotusblossom,,246
Vintage car,2021-07-23 06:51:21,"@Colombe_Vintage De memoir, il avait m√™me √©pouser sa copine enceinte car Wololo on allait pas avoir un enfant dans‚Ä¶ https://t.co/xJkuCdMSxi",_DocJ,,246
Vintage car,2021-07-23 06:49:59,"Gigante - Waltzing Car [Italy, Funk/Library] (197?)
https://t.co/nBgtu6T4cI
https://t.co/T0tODDGY7q",vintage_obscura,,246
Vintage car,2021-07-23 06:41:15,"RT @MaeCassidy_: A 1949 Cadillac shows off. ü¶öü¶ö‚ú® Inspired by the Vintage &amp; Classic Car Club of India‚Äôs annual rally. üìç Huzoor Palace, Gujara‚Ä¶",janetlindsayma1,,246
Vintage car,2021-07-23 06:14:10,"Vintage Japan Felt Kneehugger Elf, Striped Elf on a Micro Mini Red Race Car, Vintage Clown Car‚Ä¶ https://t.co/GhmuExUAMV",SwirlingOrange1,,246
Vintage car,2021-07-23 05:48:03,Vintage Hot Wheels 57 Chevy Red Die Cast Car Park n Plates w Acrylic Box 1976 https://t.co/cyoXpyQOA3 https://t.co/7WsUT6vwHi,bonusgla,,246
Vintage car,2021-07-23 05:44:38,Magnifique le nouveau maillot ¬´¬†vintage¬†¬ª de NOB. J‚Äôavais lu que @pumafootball ne pouvait pas cr√©er un design avec‚Ä¶ https://t.co/uUrBwetPnP,Chino__Mendez,,246
Vintage car,2021-07-23 05:41:34,"RT @victoriajane6: Another pretty vintage car in another beautiful part of the UK üòç

After our beach day in Wells-next-the-Sea we drove bac‚Ä¶",MainsailYrd,,246
Vintage car,2021-07-23 05:38:22,RT @Mid_Ohio: This weekend at Mid-Ohio Sports Car Course motorcyclists from across the country will unite for the AMA Vintage Motorcycle Da‚Ä¶,Almendinger3,,246
Vintage car,2021-07-23 05:26:03,CHRYSLER 300 Hard top 1962 Red JO-HAN 1/25 Scale Model Kits Vintage Car Oldies https://t.co/BkXV35miRc eBay https://t.co/IODnc0tsUJ,kits_toys,,246
Vintage car,2021-07-23 05:10:07,"RT @jillrgunter: Car Twitter:

If I want to rent a cool, vintage, exotic car for a weekend in the Bay Area, where do I look?

My googling h‚Ä¶",ceballos_jomar,,246
Vintage car,2021-07-23 04:47:04,Makina (Engine) iPhone Case &amp; Cover https://t.co/dWNJKj9j98 An original vector depicting the concept of an engine (‚Ä¶ https://t.co/spUVOl0m1u,AusGameBulletin,,246
Vintage car,2021-07-23 04:43:43,@sebastian_vice @Andreonthemic @CinnabarMothPub @amweald @ElyseRussell13 @mccindy72 @LoloWags @TheMusicks‚Ä¶ https://t.co/2A87ZW37Rg,Kirstyn_Petras,,246
Vintage car,2021-07-23 04:41:29,RT @WatsonsVintage: These Vintage Cards are PURRFECT for car lovers and just ¬£2.50 each in my #etsyshop : RARE Vintage/Retro Circa 1980s 'W‚Ä¶,Evie_Hourglass,etsyshop,15
Vintage car,2021-07-23 04:39:11,RT @WatsonsVintage: These Vintage Cards are PURRFECT for car lovers and just ¬£2.50 each in my #etsyshop : RARE Vintage/Retro Circa 1980s 'W‚Ä¶,sofiartmedia,etsyshop,15
Vintage car,2021-07-23 04:24:04,Vintage 1960s Stainless Car Roof Rack https://t.co/KnJgKyjiTK eBay https://t.co/QzIqopaTrD,RacksCar,,246
Vintage car,2021-07-23 04:13:06,@bigG1234567890 @OranjeSwaeltjie We are. Wait until Toyota and other car manufactures leave the country. In 30 yrs‚Ä¶ https://t.co/Y7hedIEDkr,Sailor19592,,246
Vintage car,2021-07-23 03:37:13,@ndhapple A Saab 900 of this vintage was my first car. I dream of having a 900s,maxwellcyoung,,246
Vintage car,2021-07-23 03:36:39,"Car Model Kit, Sealed Box, Monogram Corvette ZR-1, 1:24 Scale Model Kit #2785, Circa 1989, Free Shipping!‚Ä¶ https://t.co/olNICQFGaw",muzzleloaderman,,246
Vintage car,2021-07-23 03:36:02,New post (Vintage Car Show Flyer Template) has been published on https://t.co/2kbicZ8S9G - Graphic Design &amp; Brandin‚Ä¶ https://t.co/Ms2eZXQord,ModernGentz,,246
Vintage car,2021-07-23 03:31:23,RT @WatsonsVintage: These Vintage Cards are PURRFECT for car lovers and just ¬£2.50 each in my #etsyshop : RARE Vintage/Retro Circa 1980s 'W‚Ä¶,quilts_more,etsyshop,15
Vintage car,2021-07-23 03:19:41,"Vintage Tootsietoy Car, Dollhouse 2 inch Tootsie Toy Car https://t.co/KaSw0Ckr4P #Etsyteamunity #TMTinsta‚Ä¶ https://t.co/D9xccN9Efv",swirlingorangeE,Etsyteamunity,1
Vintage car,2021-07-23 03:19:03,"An animal with a thousand modifications is a classic car.
'A big fat American ice cube'.

#udaipurdiaries #udaipur‚Ä¶ https://t.co/6Kysd0xP5B",luckybutlost,udaipurdiaries,1
Vintage car,2021-07-23 03:14:06,Vintage Micro Mini Toy Car made in Hong Kong https://t.co/OeuoujjePB #CIJtmt #EtsyCIJ #ChristmasinJuly #TMTinsta https://t.co/QG9vyRlsXh,SwirlingOrange1,CIJtmt,1
Vintage car,2021-07-23 03:05:38,RT @Mid_Ohio: This weekend at Mid-Ohio Sports Car Course motorcyclists from across the country will unite for the AMA Vintage Motorcycle Da‚Ä¶,tallmanconserv5,,246
Vintage car,2021-07-23 03:00:14,@o2bnobx Have always driven used vintage cars usually with used vintage tires üòÜ many more than 6...can also complet‚Ä¶ https://t.co/VohcVBU5yD,HeatherLMo,,246
Vintage car,2021-07-23 02:54:00,RT @Travelaviator: #CaribbeanArt Vintage 1950's Classic #AmericanCar Street Scene in #OldHavana #viejahabana - Original #Streetscape  #City‚Ä¶,sueschmerling1,CaribbeanArt,3
Vintage car,2021-07-23 02:49:47,"New Stock Photo ‚óè Vintage pink classic american car on the beach, Retro @AGcuesta Image on @Dreamstime https://t.co/GWvieLLM1n",DesignStrobe,,246
Vintage car,2021-07-23 02:26:43,Makina (Engine) Postcard https://t.co/qqiNueNWgl An original vector depicting the concept of an engine (or makina)‚Ä¶ https://t.co/uzdRMGh1Re,coco_poof,,246
Vintage car,2021-07-23 02:18:10,Check out Set of 4 Invicta Plastic Vintage Car Plaques Model T Fiat Tipo Rolls Renault  https://t.co/EsBDXXmD3s via @eBay,LauraKellyPifer,,246
Vintage car,2021-07-23 02:12:47,"amazing, my dad wants to enhance his car for vintage car racing, this video is very useful https://t.co/vJjBZbSq9K",Primrosever,,246
Vintage car,2021-07-23 02:05:46,RT @Mid_Ohio: This weekend at Mid-Ohio Sports Car Course motorcyclists from across the country will unite for the AMA Vintage Motorcycle Da‚Ä¶,marksantTM60,,246
Vintage car,2021-07-23 01:55:33,vintage model car kit amt 1965 Mercury Hardtop George BarrisÔøºÔøº https://t.co/Y3UpbzNFVi eBay https://t.co/5xnFV7j4bD,kits_toys,,246
Vintage car,2021-07-23 01:50:43,"Is the Car Classic, Antique or Vintage / How is it Determined?..See..https://t.co/UZJBOOTPAd https://t.co/c7TXhdRc0G",AutosTrucksRods,,246
Vintage car,2021-07-23 01:46:33,"RT @106Euan: Seriously cool stuff from @ElectronGarage: an electric 1956 Morris Minor!

First time I've ever sat in a car of this vintage.‚Ä¶",RadioGeekly,,246
Vintage car,2021-07-23 01:39:38,"If you collect Avon bottles and vintage character decanters, here‚Äôs the car for you. https://t.co/DdwqUnCEM0",DaveDuricy,,246
Vintage car,2021-07-23 01:31:33,badly want to change the color of our vintage car huhu want yellow üíõ,rinnah_alone,,246
Vintage car,2021-07-23 01:19:34,"Vintage Christmas Car Volkswagen Bug, Midgetoy Diecast Volkswagen Beetle, VW Bug Toy https://t.co/DBXj9nW36u‚Ä¶ https://t.co/ZswhS1f0Fh",swirlingO11,,246
Vintage car,2021-07-23 01:18:35,Talking Vintage Stock Cars with Dr John Craft ‚Äì NASCAR's Golden¬†Age https://t.co/eKwgcBlaKH,indian_sports11,,246
Vintage car,2021-07-23 01:12:37,"RT @FoundGoodBuy: Check out Vintage McCoy Pottery Brown Auto Model T or A Car Planter Large 10"" Retro https://t.co/YvwIEKNFoD @eBay",Fotograffa,,246
Vintage car,2021-07-23 00:49:06,Fujimi Ferrari Testarossa Fujimi Model Kit 1/16 Vintage Model Car Kit Ships Free https://t.co/W34qNKrDG8 eBay https://t.co/iRp3tRR0iv,kits_toys,,246
Vintage car,2021-07-23 00:41:22,Makina (Engine) Mug https://t.co/UHQ5i8F8XK An original vector depicting the concept of an engine (or makina)‚Ä¶ https://t.co/JA3iNSXj27,coco_poof,,246
Vintage car,2021-07-23 00:40:49,"Check out Vintage McCoy Pottery Brown Auto Model T or A Car Planter Large 10"" Retro https://t.co/YvwIEKNFoD @eBay",FoundGoodBuy,,246
Vintage car,2021-07-23 00:32:03,VINTAGE TRIANG SCALEXTRIC ALFA ROMEO 1:32 SLOT CAR LOOKS MINTY https://t.co/Yax3hKSM2D eBay https://t.co/oXNNfO2gqQ,cars_slot,,246
Vintage car,2021-07-23 00:17:34,"If you‚Äôve seen little of Cuba but vintage car pics in the last decade of news photos, buckle up. https://t.co/4l9YVzyP8Y",ReadingThePix,,246
Vintage car,2021-07-23 00:15:29,Anyone who drives a vintage car is a main character,tor_tor124,,246
Vintage car,2021-07-23 00:15:01,"‚ÄúIf you ride or just aspire to learn more about the two-wheel culture, this weekend is a fantastic immersive experi‚Ä¶ https://t.co/AYvXDQHkQr",RichlandSource,,246
Vintage car,2021-07-23 00:05:13,"RT @7thDayImages: My Virtual Travel for you today: ""Cuba. When Cars were still Cars"" üòâüì∏üöó

#nikon #nikonphotography #nikonnofilter #photo #p‚Ä¶",Treeverde,nikon,2
Vintage car,2021-07-23 00:02:51,"RT @PadillaJrEdu: #tbt

Low Vintage 7th Annual Tennyson Car Show &amp; Hop 2010 https://t.co/POsfl937VL via @YouTube",BTTBBrack,tbt,2
Vintage car,2021-07-23 00:00:44,Vintage Viejitos Car Club Plaque Sign Original *Rare* üëâ https://t.co/Lu2WK2tW9n https://t.co/nC5LQcgMgn,SeasonsGala,,246
Vintage car,2021-07-22 23:57:53,"@jacksfilms #YIAYbed ""hey wanna see my vintage car collection?"" -joker",MaurizioSosa,YIAYbed,1
Vintage car,2021-07-22 23:54:34,"RT @0gi6164b38723h: Vintage Tamiya Ta02 
All Aluminum Nugget of Goodness
RC Touring Car

RC Everyday

2021/03/09

https://t.co/DKQu80VWoq",RIKI26287444,,246
Vintage car,2021-07-22 23:50:39,"#tbt

Low Vintage 7th Annual Tennyson Car Show &amp; Hop 2010 https://t.co/POsfl937VL via @YouTube",PadillaJrEdu,tbt,2
Vintage car,2021-07-22 23:49:33,Fisher Price 1974 Adventure People Race Car Driver DareDevil Miniature  | eBay https://t.co/osTxbGoo1F‚Ä¶ https://t.co/ttZe8RRkLF,ebay_Canada,,246
Vintage car,2021-07-22 23:24:50,RT @WatsonsVintage: These Vintage Cards are PURRFECT for car lovers and just ¬£2.50 each in my #etsyshop : RARE Vintage/Retro Circa 1980s 'W‚Ä¶,barntiques859,etsyshop,15
Vintage car,2021-07-22 23:22:08,@curlymo_99 @NiecyOKeeffe If he got all that in actual money how would he get out of paying tax on it. There is som‚Ä¶ https://t.co/iw5m3n4eOW,gammc1st,,246
Vintage car,2021-07-22 23:21:31,"Vintage Tamiya Ta02 
All Aluminum Nugget of Goodness
RC Touring Car

RC Everyday

2021/03/09

https://t.co/DKQu80VWoq",0gi6164b38723h,,246
Vintage car,2021-07-22 23:07:35,someone buy me a pretty vintage car,dahliarcse,,246
Vintage car,2021-07-22 23:01:06,Vintage die cast sedan toy car. Modified and hand painted to with blue &amp; red stripes and SEL 3 written across the h‚Ä¶ https://t.co/Mr6YwLsV6g,BusterJustis,,246
Vintage car,2021-07-22 22:55:29,"@CooperDubois2 I have read the entire article and I loved it. It is very complete. The truth is, this is a good way‚Ä¶ https://t.co/jQEAhyiQbE",Giannpiero1,,246
Vintage car,2021-07-22 22:54:30,RT @Travelaviator: #CaribbeanArt Vintage 1950's Classic #AmericanCar Street Scene in #OldHavana #viejahabana - Original #Streetscape  #City‚Ä¶,atimetotravel,CaribbeanArt,3
Vintage car,2021-07-22 22:51:15,#CaribbeanArt Vintage 1950's Classic #AmericanCar Street Scene in #OldHavana #viejahabana - Original #Streetscape‚Ä¶ https://t.co/ZvLkZbgteW,Travelaviator,CaribbeanArt,3
Vintage car,2021-07-22 22:43:42,RT @FOX5Vegas: Vintage car owners showed off their classic models at an event hosted by the city of Las Vegas today. https://t.co/jHJA5AmjI6,wandertrix,,246
Vintage car,2021-07-22 22:35:35,Original car just upgraded üòÆüíñüöò #vintage #refurbished #upgrade #original #car #blue #Pocatello #idaho #dealership‚Ä¶ https://t.co/Tydd1l7Qd0,journalismgoals,vintage,1
Vintage car,2021-07-22 22:33:54,"@CooperDubois2 I have been a car lover for a few years, the sound of this Vintage 62 Corvette is unique, what an engine.",LuysPrince,,246
Vintage car,2021-07-22 22:27:04,"RT @thapaom20: ""Rare and Vintage Photos of Nepal""üá≥üáµüá≥üáµüá≥üáµüá≥üáµ
01. First Car brought to Nepal By carrying 1933. 
02. Vintage postage stamp. Post‚Ä¶",thapaom20,,246
Vintage car,2021-07-22 22:14:18,Im not a car guy‚Ä¶ how easy is it to install Bluetooth/modern systems in a vintage/older car,JackNotOld,,246
Vintage car,2021-07-22 22:02:58,"RT @thapaom20: ""Rare and Vintage Photos of Nepal""üá≥üáµüá≥üáµüá≥üáµüá≥üáµ
01. First Car brought to Nepal By carrying 1933. 
02. Vintage postage stamp. Post‚Ä¶",numberonecafenp,,246
Vintage car,2021-07-22 21:57:44,"RT @LoriPlanken: Vintage Corvette Picture, Old Car Photo, https://t.co/k89YBQnMvW via @Etsy",BibbiLou,,246
Vintage car,2021-07-22 21:55:04,LEGO Ideas Vintage Car (40448) - NEW! https://t.co/0cYPfai3P5 #lego #legos https://t.co/7SbXpeI3JQ,collectlegos,lego,1
Vintage car,2021-07-22 21:43:04,https://t.co/HR6OaRhZR1,CubRadio,,246
Vintage car,2021-07-22 21:40:15,Vintage Super Buggy Climbing Tumble Blue Car Rugged Off-road Tires BOTOY Toys Seller: fisherdean (100.0%... -‚Ä¶ https://t.co/j20qDe9jM3,CU_World,,246
Vintage car,2021-07-22 21:40:07,"RT @donCmontgomery: Shiny metal +
Polished chrome =
Happy car

#1967 #oldsmobile #toronado #classiccars #antiquecars #vintage #car #restora‚Ä¶",Autok_it,oldsmobile,2
Vintage car,2021-07-22 21:35:31,RT @WatsonsVintage: These Vintage Cards are PURRFECT for car lovers and just ¬£2.50 each in my #etsyshop : RARE Vintage/Retro Circa 1980s 'W‚Ä¶,RzlStores,etsyshop,15
Vintage car,2021-07-22 21:34:54,RT @FOX5Vegas: Vintage car owners showed off their classic models at an event hosted by the city of Las Vegas today. https://t.co/jHJA5AmjI6,Authorofmy_20s,,246
Vintage car,2021-07-22 21:32:23,RT @WatsonsVintage: These Vintage Cards are PURRFECT for car lovers and just ¬£2.50 each in my #etsyshop : RARE Vintage/Retro Circa 1980s 'W‚Ä¶,JRsPillows,etsyshop,15
Vintage car,2021-07-22 21:25:28,Bride Late To Own Wedding After Vintage Car Catches¬†Fire https://t.co/QJCNlWiXBV,Orlarjeedey_,,246
Vintage car,2021-07-22 21:25:17,The Midwest Old Timers Vintage Race Car Club is also on hand with 20+ cars dating all the way back to the 1940‚Äôs.‚Ä¶ https://t.co/EPWqPZw1TZ,FastestHalfMile,,246
Vintage car,2021-07-22 21:20:22,@_Ewlbo @FrappMocha @Raspbury80 @gamebols @smbflurry @TsakuraWataame I know I have read of people using other solut‚Ä¶ https://t.co/fLlfe8hVUS,HoshiChiri,,246
Vintage car,2021-07-22 21:10:04,"Kiwanis Club of Manitowoc to Host 39th Annual Car, Motorcycle &amp; Vintage Camper Show - https://t.co/MtvXXkBKd7 CWate‚Ä¶ https://t.co/JZKCO34hSm",omahawstkiwanis,,246
Vintage car,2021-07-22 21:06:38,Vintage Citgo Thunderbird Dale Jarrett 21 NASCAR Race Car | Etsy #etsypreneur #vintagemodelcar #citgothunderbird‚Ä¶ https://t.co/sk0Ra2mRHS,youth_reclaim,etsypreneur,1
Vintage car,2021-07-22 21:06:34,@cuppymusic I love the car. Vintage.,TheAwkndScribe,,246
Vintage car,2021-07-22 20:56:06,RT @EwbankAuctions: The cars have started arriving! Our first stand-alone car auction takes place on 5th September and we have some beautif‚Ä¶,StarsandSpace,,246
Vintage car,2021-07-22 20:50:56,"Shiny metal +
Polished chrome =
Happy car

#1967 #oldsmobile #toronado #classiccars #antiquecars #vintage #car‚Ä¶ https://t.co/pk4aNgYA6q",donCmontgomery,oldsmobile,2
Vintage car,2021-07-22 20:34:26,"RT @AffariLego: eBay: LEGO Ideas 40448 Vintage Car NUOVO SIGILLATO EDIZIONE LIMITATA VIP

Asta su eBay, Vintage Car MISB:¬†https://t.co/kYKy‚Ä¶",HxEa9bhd4wHlLwg,,246
Vintage car,2021-07-22 20:30:06,Make this weekend extra memorable with a visit to the MINI Car Show at the Pittsburgh Vintage Grand Prix! Click her‚Ä¶ https://t.co/qOXT7a5ZuV,MINIPittsburgh,,246
Vintage car,2021-07-22 20:20:40,(throws a car two-hundred feet southward for the simple straightforward crime of blocking my view of the small vint‚Ä¶ https://t.co/voIekzSPWU,humbleterubot,,246
Vintage car,2021-07-22 20:09:26,lucifer is leaning on his vintage car.  his hands are on chloe's hips. she talks to him but lucifer doesn't hear a‚Ä¶ https://t.co/WrZ1iF3PUu,chooseyouchloe,,246
Vintage car,2021-07-22 20:05:19,RT @WatsonsVintage: These Vintage Cards are PURRFECT for car lovers and just ¬£2.50 each in my #etsyshop : RARE Vintage/Retro Circa 1980s 'W‚Ä¶,products_hot,etsyshop,15
Vintage car,2021-07-22 20:05:17,@thobilenguban18 @zitho_nkosi ü§£ü§£ü§£a shocked vintage car,TherealPhuthuma,,246
Vintage car,2021-07-22 19:58:10,Almost everyone and their mom owns some variation of a vintage car shirt,agneaulnl,,246
Vintage car,2021-07-22 19:45:45,"@machminer I remember all the Kustom car mags my uncle had from the 60's. I loved that stuff. Also, it added more f‚Ä¶ https://t.co/3aslluRXlX",HemiGod426,,246
Vintage car,2021-07-22 19:44:05,"Classic car owners floored after garage strips parts, refuses to return beloved vehicles https://t.co/cpo4bYbHIe via @Yahoo",chris_southward,,246
Vintage car,2021-07-22 19:32:21,"Vintage Hess Truck, 1991 Hess Truck with Race Car, Hess Gas Tr by ZacInTheBoxVintage https://t.co/BGyROhl7rh via @Etsy",NdcareyNancy,,246
Vintage car,2021-07-22 19:31:43,"RT @LoriPlanken: Vintage Corvette Picture, Old Car Photo, https://t.co/k89YBQnMvW via @Etsy",BrendaOak4,,246
Vintage car,2021-07-22 19:30:19,"RT @ldphotography12: Dead end street sign, Urban decay photos, vintage car,rattle snake sign, man cave, car garage, office decor,fathers da‚Ä¶",MichelleRoseG33,,246
Vintage car,2021-07-22 19:28:33,"Vintage Hess Truck, 1992 Hess 18 Wheeler with Race Car, Vintag by ZacInTheBoxVintage https://t.co/FRI3y0Q1C1 via @Etsy",NdcareyNancy,,246
Vintage car,2021-07-22 19:28:20,"Vintage Hess Truck, 1992 Hess 18 Wheeler with Race Car, Vintag by ZacInTheBoxVintage https://t.co/j1jTRh2G93 via @Etsy",NdcareyNancy,,246
Vintage car,2021-07-22 19:22:33,VINTAGE~1970s~Strombecker 1/32 SLOT CAR SET 3 CARS~CHEETAH~VETTE~MUSTANG~KIT https://t.co/nMBhfzYTQY eBay https://t.co/Ze42rn5Y2t,cars_slot,,246
Vintage car,2021-07-22 19:17:12,@CooperDubois2 Here we can watch the Best way to Enhance your beautiful Old and Masterpiece Car for Vintage. This the Best way to do it!,arquimedesamaya,,246
Vintage car,2021-07-22 19:11:27,#horrormemes #memes #horrorcosplay #cosplay #nightmareonelmstreet #freddykrueger #12freddyscomingforyou #wescraven‚Ä¶ https://t.co/VxvjAcvRJm,DEXTERHALL2,horrormemes,1
Vintage car,2021-07-22 18:57:21,RT @WatsonsVintage: These Vintage Cards are PURRFECT for car lovers and just ¬£2.50 each in my #etsyshop : RARE Vintage/Retro Circa 1980s 'W‚Ä¶,JanRomes,etsyshop,15
Vintage car,2021-07-22 18:56:48,RT @WatsonsVintage: These Vintage Cards are PURRFECT for car lovers and just ¬£2.50 each in my #etsyshop : RARE Vintage/Retro Circa 1980s 'W‚Ä¶,Fotograffa,etsyshop,15
Vintage car,2021-07-22 18:56:12,RT @WatsonsVintage: These Vintage Cards are PURRFECT for car lovers and just ¬£2.50 each in my #etsyshop : RARE Vintage/Retro Circa 1980s 'W‚Ä¶,valleerose24,etsyshop,15
Vintage car,2021-07-22 18:54:59,These Vintage Cards are PURRFECT for car lovers and just ¬£2.50 each in my #etsyshop : RARE Vintage/Retro Circa 1980‚Ä¶ https://t.co/rG6vC7qHpr,WatsonsVintage,etsyshop,15
Vintage car,2021-07-22 18:50:56,"RT @LoriPlanken: Vintage Corvette Picture, Old Car Photo, https://t.co/k89YBQnMvW via @Etsy",vintage2trendy,,246
Vintage car,2021-07-22 18:50:43,"@cryyybabyk The house with the vintage car in the driveway, the one with the white kids",_caatjoy,,246
Vintage car,2021-07-22 18:45:22,"Vintage Corvette Picture, Old Car Photo, https://t.co/k89YBQnMvW via @Etsy",LoriPlanken,,246
Vintage car,2021-07-22 18:42:57,Nichy and her vintage car Honeybee gear up to meet hero Chris Evans at Carfest | The Leader ‚Å¶@achrisevans‚Å© ‚Å¶‚Ä¶ https://t.co/UZXlyElrVm,CeidiogPR,,246
Vintage car,2021-07-22 18:41:17,Nichy and her vintage car Honeybee gear up to meet hero Chris Evans at Carfest | Denbighshire Free Press ‚Å¶‚Ä¶ https://t.co/TqavePVBAO,CeidiogPR,,246
Vintage car,2021-07-22 18:25:47,RT @Mid_Ohio: This weekend at Mid-Ohio Sports Car Course motorcyclists from across the country will unite for the AMA Vintage Motorcycle Da‚Ä¶,SeanKamoga,,246
Vintage car,2021-07-22 18:24:16,Check out CHRYSLER NEWPORT -  Your next car. The possible dream. -  Vintage 1969 Print Ad  https://t.co/B4RnL0ExcQ via @eBay,bgbrwneyesNY,,246
Vintage car,2021-07-22 18:22:39,"RT @BrewBlab: What do you get when a military reptile, a vintage car, and a stack of flapjacks are in the same room? The newest rundown! Ft‚Ä¶",Camstove,,246
